<?xml version="1.0" encoding="UTF-8"?>
<configuration>
	
	<include resource="org/springframework/boot/logging/logback/base.xml"/> 
	<jmxConfigurator/>
		
	<appender name="STDOUT" class="ch.qos.logback.core.ConsoleAppender">
		<layout class="ch.qos.logback.classic.PatternLayout">
			<Pattern>
				%d{yyyy-MM-dd HH:mm:ss} [%thread] %-5level %logger{36} - %msg%n
			</Pattern>
		</layout>
	</appender>
	
	<logger name="harel.services" level="debug" additivity="false">
		<appender-ref ref="STDOUT" />
	</logger>

	<root level="error">
		<appender-ref ref="STDOUT" />
	</root>
	
</configuration>