<?xml version="1.0" encoding="UTF-8"?>
<configuration>

	<include resource="org/springframework/boot/logging/logback/base.xml"/> 
	<jmxConfigurator/>
		
	<!--
	<property name="DEV_HOME" value="c:/logs" />
	
	<appender name="STDOUT" class="ch.qos.logback.core.ConsoleAppender">
		<layout class="ch.qos.logback.classic.PatternLayout">
			<Pattern>
				%d{yyyy-MM-dd HH:mm:ss} [%thread] %-5level %logger{36} - %msg%n
			</Pattern>
		</layout>
	</appender>
	
	<logger name="harel.services" level="debug" additivity="false">
		<appender-ref ref="STDOUT" />
	</logger>

	<root level="error">
		<appender-ref ref="STDOUT" />
	</root>
	
	<appender name="FILE-AUDIT"
		class="ch.qos.logback.core.rolling.RollingFileAppender">
		<file>${DEV_HOME}/harel.services.com.log</file>
		<encoder class="ch.qos.logback.classic.encoder.PatternLayoutEncoder">
			<Pattern>
				%d{yyyy-MM-dd HH:mm:ss} [%thread] %-5level %logger{36} - %msg%n
			</Pattern>
		</encoder>

		<rollingPolicy class="ch.qos.logback.core.rolling.TimeBasedRollingPolicy">

			<fileNamePattern>${DEV_HOME}/harel.services.com.%d{yyyy-MM-dd}.%i.log
                        </fileNamePattern>
			<timeBasedFileNamingAndTriggeringPolicy
				class="ch.qos.logback.core.rolling.SizeAndTimeBasedFNATP">
				<maxFileSize>10MB</maxFileSize>
			</timeBasedFileNamingAndTriggeringPolicy>
		</rollingPolicy>

	</appender>
	
	<logger name="harel.services" level="debug" additivity="false">
		<appender-ref ref="FILE-AUDIT" />
	</logger>

	<root level="error">
		<appender-ref ref="FILE-AUDIT" />
	</root>
	-->
</configuration>